{
  "total": 20050,
  "correct_detections": 19999,
  "false_positives": 0,
  "false_negatives": 51,
  "by_type": {
    "none": {
      "total": 5000,
      "correct": 5000
    },
    "timestamp": {
      "total": 5000,
      "correct": 4987
    },
    "entity": {
      "total": 5000,
      "correct": 4982
    },
    "relation": {
      "total": 5000,
      "correct": 4980
    },
    "ordering": {
      "total": 50,
      "correct": 50
    }
  },
  "accuracy": 0.9974563591022444,
  "precision": 1.0,
  "recall": 0.9966112956810631,
  "f1": 0.9983027721388399
}